,model,metric,value
0,logistic regression,accuracy,0.523306750533528
1,logistic regression,recall,0.2975946775844422
2,logistic regression,precision,0.4368895567242675
3,logistic regression,f1,0.35403348554033487
4,kNN,accuracy,0.5564416488823992
5,kNN,recall,0.02320027294438758
6,kNN,precision,0.4077961019490255
7,kNN,f1,0.043902832701154054
8,SVM,accuracy,0.5126736306114044
9,SVM,recall,0.3626748549982941
10,SVM,precision,0.43405471621069824
11,SVM,f1,0.39516728624535313
12,SGD,accuracy,0.5176906660676177
13,SGD,recall,0.31832139201637666
14,SGD,precision,0.4328462073764788
15,SGD,f1,0.36685343556473016
